2016-03-24T21:00:49-06:00,b36G1tm7a4ITALPMtXh,www.0O72VJY.com,918
2016-03-24T21:00:49-06:00,dxwDf94A,www.8n.com,5047
2016-03-24T21:00:49-06:00,vl27Kn9qW,www.UjXCBd3lTefGwrJ.com,1333
2016-03-24T21:00:49-06:00,d192wpziErfPLRUFDedb587jKxCZG,www.M5mAI.com,5046
2016-03-24T21:00:49-06:00,DcYB3gZB,www.f3IGtaM3DGNqSJE.com,5783
2016-03-24T21:00:49-06:00,VLpODPYhpck8zf6cTX4opqc7WCfd,www.V9hv5Ah.com,2378
2016-03-24T21:00:49-06:00,Akwvq7vNmGvPa8Irj,www.iABCSWOd5czpVX.com,2890
2016-03-24T21:00:49-06:00,KGjQ,www.kFDkMj7WGg0tX4rXkh2w.com,239
2016-03-24T21:00:49-06:00,GyWX03O,www.le2lUaC5ct2Dvw.com,6609
2016-03-24T21:00:49-06:00,ADpVUvbsmGt4v0A8y787,www.AY3nYeUO4fxtNSMJ.com,209
2016-03-24T21:00:49-06:00,izDlnwTJJ0QHMa2N7MV5MjDO,www.9pr9xjcLESwyoaN.com,3914
2016-03-24T21:00:49-06:00,cjroQkvUdL6DYMteDwfkaeQO8Y3Lfn,www.nfYjhSLCE.com,743
2016-03-24T21:00:49-06:00,atvRlOXjo4laU3ocO8wjSZ7k0Ue,www.u8sa3Kv3WGmlgSTp.com,2247
2016-03-24T21:00:49-06:00,PEJrZ,www.JoAo03WLwK92d0.com,1708
2016-03-24T21:00:49-06:00,0w,www.L8fD8KjyTjYJxfDm3.com,1765
2016-03-24T21:00:49-06:00,m,www.RHGq0NMR.com,8
2016-03-24T21:00:49-06:00,riF0pu8y,www.Yat2GmR4pWB6RapaN.com,1383
2016-03-24T21:00:49-06:00,oD2t5OfqVkRea5sMiV61GVK,www.k3S9AOZpk2g4bhG7NA.com,7793
2016-03-24T21:00:49-06:00,wBkkQMh6CHzD6H,www.bNN4A.com,232
2016-03-24T21:00:49-06:00,mw8,www.6TWj9oAd.com,2063
2016-03-24T21:00:49-06:00,EP,www.OqX.com,1348
2016-03-24T21:00:49-06:00,An,www.mch5ZG5y.com,4248
2016-03-24T21:00:49-06:00,nTGfpJnJzluLDJC9NuR,www.rpqvoXDfmWf.com,296
2016-03-24T21:00:49-06:00,qgKRf8HU,www.iH42vKIOfw2DTbpg3.com,6039
2016-03-24T21:00:49-06:00,5BEhmyuE0xlISuKeXKKIMozwY,www.Zpsaj6IJM48C.com,1027
2016-03-24T21:00:49-06:00,XMlF6DUWXiikz8XaQwC4HbC1,www.njssdjmKh8NbvF33.com,8206
2016-03-24T21:00:49-06:00,Bh0Vzefhx0aRw,www.rW8q8jcndZGblM3fuq.com,737
2016-03-24T21:00:49-06:00,MpvJH6Y5mJeNlOnIFBllR,www.XmaMGq5WotvrQaQ.com,2954
2016-03-24T21:00:49-06:00,raRxScKljhpZqn,www.vt1.com,24
2016-03-24T21:00:49-06:00,dtGkr,www.zqG1MBjTUBp7py6B.com,1167
2016-03-24T21:00:49-06:00,wXmqWErrkjsLVUUsDZOO2xQdLgT,www.RTJYWic7fOvPYPPSVuT.com,3859
2016-03-24T21:00:49-06:00,vO10uUIus9N25mT,www.dOxnVhcNUO.com,7579
2016-03-24T21:00:49-06:00,SjbDQZJZqLM5bmTxBLKdf,www.ccONE.com,7042
2016-03-24T21:00:49-06:00,MdCPplLIykLk3KgKd1QsrzYAWq,www.LAF9.com,1931
2016-03-24T21:00:49-06:00,i5cy9N3LIv8sG68T4hPs2PK4BBuETl,www.LhYgRBIuAKROAo.com,191
2016-03-24T21:00:49-06:00,zmRuHgpwxaBuGM,www.S3C3MuteNgnaI0fRn.com,1598
2016-03-24T21:00:49-06:00,ov5J,www.p21zHfOvnHK.com,1996
2016-03-24T21:00:49-06:00,0WeT5KB0wSp6D15pgQKh3QC,www.Qg.com,2608
2016-03-24T21:00:49-06:00,Hd1Av,www.8I7cegJeii4.com,6514
2016-03-24T21:00:49-06:00,fzcvGntb15JsSTH,www.sacr2luFAmufy7.com,7846
2016-03-24T21:00:49-06:00,bfVayey3U2sffo4Qvsp,www.y.com,1103
2016-03-24T21:00:49-06:00,lEVy0Fuug1mQ75vDSgXO9dwaV3ru,www.3MkE.com,9344
2016-03-24T21:00:49-06:00,XsmYrn3zgDIiDopNioEo2bXxkw,www.3iWtXGfo.com,6105
2016-03-24T21:00:49-06:00,duhDjArUZFYQLjRnEmJZa9tekA7YQ,www.FQSjuNQXk2dIZailMSd6.com,4974
2016-03-24T21:00:49-06:00,welYX2bOZ32s3v,www.W9s2.com,3968
2016-03-24T21:00:49-06:00,9uNPxrmDpw2JFXfWUZGB1sU1s,www.qLHY8e.com,1177
2016-03-24T21:00:49-06:00,JjNLoyOiYXXyORx44Sn3zraAbs,www.2jxPPuoFwFX0d.com,7108
2016-03-24T21:00:49-06:00,qph8f0422Kj5,www.n7PMr6YSRIspribQV.com,833
2016-03-24T21:00:49-06:00,8ULHvPvHYMhVmzm,www.7vT04L5UMeYrYQt2nHKP.com,64
2016-03-24T21:00:49-06:00,EIbzYR,www.p0TWPdDyeFRl.com,6812
2016-03-24T21:00:49-06:00,1axtg2UtCodMlnz7hxwNVjSba6I,www.vF1wX.com,2784
2016-03-24T21:00:49-06:00,4JY3,www.hDHEaGtvPDZAJk9.com,1767
2016-03-24T21:00:50-06:00,D9oEPhS,www.2NOlKnV8pEWMFkz.com,8387
2016-03-24T21:00:50-06:00,W8CWN2,www.WbAgFujOV4d.com,8172
2016-03-24T21:00:50-06:00,q7n1lPwfEq994TlQ4CBtHO6u9nq9,www.n2ElTnf.com,3766
2016-03-24T21:00:50-06:00,JbDvFNSVWolna4o4T,www.tFjBb.com,2383
2016-03-24T21:00:50-06:00,vxSN4xYSNj7ZyNGr,www.22bWvyudI.com,2008
2016-03-24T21:00:50-06:00,64JX8Typ,www.0r6WjsXBoNQVOmToErZ.com,5546
2016-03-24T21:00:50-06:00,m0fLLsDLknoegCqbOWrR8C,www.KFdylkt7IYlmhfXSW.com,130
2016-03-24T21:00:50-06:00,msdfs,www.fdsa.ca,1002
